Data,IWDA + EMIM
12/1978,10000
01/1979,10398.930905250509
02/1979,10248.849017195265
03/1979,10675.226277917642
04/1979,10778.50358279821
05/1979,10708.880944697637
06/1979,10889.84575852203
07/1979,10578.590506604152
08/1979,11036.524853554605
09/1979,11162.378098026924
10/1979,10376.16510293369
11/1979,10651.72398360166
12/1979,10690.898083358965
01/1980,11222.644152383618
02/1980,11331.976524858843
03/1980,10648.959921826556
04/1980,11481.555130843206
05/1980,11524.620863031954
06/1980,11899.479614256963
07/1980,12112.443054965368
08/1980,12593.610215946585
09/1980,12940.508191361161
10/1980,13651.988424485868
11/1980,14720.80969969001
12/1980,14852.777656733124
01/1981,14463.167712691038
02/1981,15492.392711318946
03/1981,16052.980807362164
04/1981,16486.545396880545
05/1981,17151.11818447906
06/1981,17776.102685456586
07/1981,18007.194521247322
08/1981,18130.394515906635
09/1981,16005.212422046534
10/1981,16005.92215478959
11/1981,17009.80602398687
12/1981,16876.439053870596
01/1982,16881.13539235484
02/1982,16385.868405302343
03/1982,16227.944726131596
04/1982,17285.722889362583
05/1982,16273.178335734792
06/1982,16438.284350643287
07/1982,16573.143717930932
08/1982,17882.283764432374
09/1982,18131.556845189443
10/1982,19604.697884395795
11/1982,20986.4713664931
12/1982,21023.746731049585
01/1983,21318.754321023876
02/1983,22163.51841819067
03/1983,23056.578701356586
04/1983,25056.054263461087
05/1983,24962.871570881693
06/1983,26533.10565275236
07/1983,26410.84284460705
08/1983,27411.097731117163
09/1983,27981.25780028119
10/1983,27194.328512790005
11/1983,28639.75622804067
12/1983,29738.385513379875
01/1984,30654.85931613871
02/1984,29221.455242028762
03/1984,29503.60589201104
04/1984,29913.11483894515
05/1984,28694.774730638917
06/1984,28934.331593727657
07/1984,28967.16865512922
08/1984,32229.765663017726
09/1984,33621.36624044726
10/1984,34594.62624265953
11/1984,33559.79206469479
12/1984,35609.46600893423
01/1985,38486.35872300831
02/1985,39993.182541852475
03/1985,41469.22422550362
04/1985,38489.090820548394
05/1985,40743.73145553946
06/1985,40742.042460840166
07/1985,39548.87472097862
08/1985,38498.9529361696
09/1985,39409.12599100308
10/1985,38972.698766852656
11/1985,40349.80151346892
12/1985,41237.076489579886
01/1986,40978.07138919158
02/1986,42907.85004137818
03/1986,45797.31497619826
04/1986,47298.08927667743
05/1986,46334.346426348624
06/1986,48381.8912958277
07/1986,47335.68457116948
08/1986,49922.31551687076
09/1986,47558.040732892434
10/1986,46216.703726404754
11/1986,48660.15998817887
12/1986,48918.98842075373
01/1987,51380.59265631078
02/1987,52132.90808807597
03/1987,55265.51344098957
04/1987,57738.690406181646
05/1987,57113.993754648596
06/1987,58098.78560738437
07/1987,60110.69755814535
08/1987,64152.31021935194
09/1987,61386.36991470059
10/1987,50587.01719849433
11/1987,46366.267919942205
12/1987,46897.08825092531
01/1988,48537.91486111502
02/1988,52830.337489364014
03/1988,53678.8922827356
04/1988,54021.874909011836
05/1988,53453.56983715455
06/1988,55352.126301076656
07/1988,59223.21124341947
08/1988,57212.20877076618
09/1988,59193.67146169965
10/1988,61559.61652450747
11/1988,61167.29304238174
12/1988,61772.09104022391
01/1989,66530.23651002873
02/1989,66917.44002020075
03/1989,66917.03851528569
04/1989,68825.34672955025
05/1989,70004.83492356459
06/1989,70445.63352546078
07/1989,74970.4207865175
08/1989,74270.95275118499
09/1989,77521.37812350164
10/1989,72097.89512547171
11/1989,73885.3454107418
12/1989,73105.46300158802
01/1990,67633.18425111714
02/1990,63859.5785151099
03/1990,61036.85056307657
04/1990,59369.44607056526
05/1990,64532.839630378774
06/1990,64488.2291144481
07/1990,63093.46313607064
08/1990,54653.87627339092
09/1990,48953.84082920841
10/1990,51937.28775741921
11/1990,50056.308445569186
12/1990,51690.661555202656
01/1991,53696.03839975514
02/1991,57673.206652070745
03/1991,60905.157113833884
04/1991,64633.609098975234
05/1991,66962.4109913219
06/1991,65151.1265046928
07/1991,68295.93781870553
08/1991,66560.46510562068
09/1991,66401.3431823617
10/1991,67368.85198393356
11/1991,62003.58083032291
12/1991,64385.653188017015
01/1992,63619.82764051358
02/1992,63883.08438209057
03/1992,62480.97344079285
04/1992,62760.410692048805
05/1992,63989.90289721302
06/1992,60057.13906322283
07/1992,57327.541184017624
08/1992,57222.521052475684
09/1992,57988.96907079799
10/1992,58745.71348590757
11/1992,63694.450823454135
12/1992,64147.674907806024
01/1993,65599.61932989054
02/1993,68806.64596649997
03/1993,73133.88249791604
04/1993,73900.18254079277
05/1993,75770.08643780077
06/1993,77307.02050765016
07/1993,82225.09451102989
08/1993,86630.80170810358
09/1993,81629.71661846779
10/1993,84843.95986388587
11/1993,82173.80111756884
12/1993,86136.48090141875
01/1994,93042.30076492438
02/1994,91464.5108432438
03/1994,85691.76860820588
04/1994,88576.7385285946
05/1994,86876.36177096752
06/1994,85208.77017769284
07/1994,84133.74721971164
08/1994,86747.8287619667
09/1994,83544.41871571059
10/1994,84259.97079491657
11/1994,81785.19905119868
12/1994,84246.46810984582
01/1995,81266.12337183833
02/1995,81528.84341969769
03/1995,82118.7708814733
04/1995,83336.13589165211
05/1995,85328.47281298498
06/1995,84571.50239243412
07/1995,87752.24032544372
08/1995,88375.50408205789
09/1995,92097.03443530513
10/1995,89217.37093241034
11/1995,92495.14614665232
12/1995,96687.24930833216
01/1996,99611.205176961
02/1996,100773.132381904
03/1996,102363.81708397646
04/1996,105642.96432969705
05/1996,106995.484505048
06/1996,106681.286249769
07/1996,101326.26425399986
08/1996,101540.89491783835
09/1996,106409.88365052523
10/1996,107464.91084963172
11/1996,112009.60295487122
12/1996,112633.6515287638
01/1997,117069.82555107116
02/1997,123552.63828839757
03/1997,122491.17455064926
04/1997,127159.80947713036
05/1997,134572.05451778107
06/1997,142847.83689100645
07/1997,153560.5123052454
08/1997,147350.23775778495
09/1997,151256.6138390343
10/1997,140670.86794401563
11/1997,140190.50158933987
12/1997,145703.5162296974
01/1998,153183.9909070253
02/1998,163160.93670644035
03/1998,170652.24659611567
04/1998,171127.4565690412
05/1998,166383.91926038772
06/1998,171544.1731362358
07/1998,171648.62106685137
08/1998,148126.5387370341
09/1998,143689.37233193917
10/1998,150867.18500687953
11/1998,164439.90400391113
12/1998,171348.44221891384
01/1999,180796.55679470653
02/1999,181806.60648649195
03/1999,194214.83370828503
04/1999,204605.64254084113
05/1999,199759.49364811048
06/1999,211639.39614297915
07/1999,203755.34493027432
08/1999,205692.81389361137
09/1999,201913.4214331174
10/1999,216688.52871432214
11/1999,230610.35476050674
12/1999,250512.99418231132
01/2000,242288.28007737276
02/2000,244838.1594407425
03/2000,266141.6956861409
04/2000,267986.7222498553
05/2000,255050.10827660759
06/2000,256627.43990774662
07/2000,257817.00818750224
08/2000,276243.31135921984
09/2000,265729.316880019
10/2000,272045.58546595427
11/2000,247639.2554301199
12/2000,234819.99849870178
01/2001,239650.8970578773
02/2001,220438.4520439455
03/2001,215621.61521839647
04/2001,230368.3208114539
05/2001,237984.0099964925
06/2001,230494.193973948
07/2001,220270.1382334722
08/2001,200438.54740649575
09/2001,183290.37078367948
10/2001,188628.88057849443
11/2001,202992.32161751215
12/2001,206217.7962133354
01/2002,204023.79102882626
02/2002,201902.08766946688
03/2002,209031.99110487202
04/2002,195560.78373383288
05/2002,187977.92151641386
06/2002,166133.4961842603
07/2002,155100.92639628495
08/2002,154575.7654439419
09/2002,137180.2460168581
10/2002,147228.51592215014
11/2002,154159.50777591698
12/2002,138837.4225837838
01/2003,130512.02798075441
02/2003,128632.22827951955
03/2003,126877.89942167644
04/2003,135193.15131186057
05/2003,134538.24963147246
06/2003,141580.2572083597
07/2003,145829.80710089774
08/2003,154292.8704787041
09/2003,145563.41564566985
10/2003,154584.9047950395
11/2003,152054.3620555535
12/2003,153445.46800453626
01/2004,159004.6381145644
02/2004,161224.575293579
03/2004,162696.4741969509
04/2004,163059.1882693358
05/2004,161158.95909201252
06/2004,165049.18716034509
07/2004,161198.73073141737
08/2004,160944.69461268227
09/2004,160051.19636439072
10/2004,159745.2614715921
11/2004,161080.0621699059
12/2004,163226.59221661458
01/2005,166724.4346094181
02/2005,169125.54604054996
03/2005,169590.79123984626
04/2005,165985.1581740583
05/2005,177510.46337936886
06/2005,182585.29855443377
07/2005,188947.67694748848
08/2005,188732.7197130765
09/2005,196143.27275536236
10/2005,191687.06645171603
11/2005,202348.84286781895
12/2005,206340.89233732977
01/2006,209844.75161785993
02/2006,213820.04232276432
03/2006,214387.4300559759
04/2006,213267.13908941078
05/2006,200683.7265887335
06/2006,203070.95526149156
07/2006,203474.0085131922
08/2006,207391.08851789078
09/2006,213030.14670468695
10/2006,220222.71159759254
11/2006,217001.14334248388
12/2006,221917.35707023783
01/2007,228281.15957962614
02/2007,222675.5197086388
03/2007,224929.891951555
04/2007,229895.50613904092
05/2007,239007.35457794406
06/2007,236250.63246418696
07/2007,227613.98401736742
08/2007,227474.5420201774
09/2007,230326.10843651294
10/2007,232986.85984969817
11/2007,218709.79025756393
12/2007,216474.73922129313
01/2008,197928.52228856203
02/2008,192929.54215943886
03/2008,183285.78465006946
04/2008,196295.58409302362
05/2008,199699.98647548302
06/2008,180788.14015367988
07/2008,178099.26392086278
08/2008,186036.8808918445
09/2008,168860.68747794413
10/2008,153428.49461673645
11/2008,143835.52119359816
12/2008,135756.7413455361
01/2009,134504.58639078788
02/2009,122379.23275141064
03/2009,125041.15590260187
04/2009,139413.8969035095
05/2009,143169.64672565472
06/2009,142160.7332238837
07/2009,154157.6884869014
08/2009,159010.34673271037
09/2009,161158.92398061135
10/2009,156612.55217144382
11/2009,160592.44059568897
12/2009,170477.8005948942
01/2010,168580.70975258335
02/2010,175946.0283422583
03/2010,188103.86757605782
04/2010,190447.44751449465
05/2010,186309.2059319428
06/2010,180449.20951772705
07/2010,183743.59898204065
08/2010,181738.0444547403
09/2010,184592.43709368943
10/2010,188585.30674148264
11/2010,196707.82303860167
12/2010,205418.23596693214
01/2011,204996.22919058465
02/2011,209995.86482894013
03/2011,202465.93818640753
04/2011,201792.17252673823
05/2011,204130.98042676298
06/2011,199956.46206858256
07/2011,198988.01814440385
08/2011,182535.78883432347
09/2011,178466.08010134276
10/2011,189921.60453739204
11/2011,193334.99702988507
12/2011,200380.83425008017
01/2012,206651.3955907669
02/2012,212441.1135236126
03/2012,216573.96562987787
04/2012,216415.47992410333
05/2012,210662.93779931887
06/2012,218108.91748474477
07/2012,226415.84514533135
08/2012,226136.13784887546
09/2012,226616.53837125062
10/2012,223993.77741087953
11/2012,226984.2809577099
12/2012,227607.3633076504
01/2013,232917.00015213861
02/2013,240782.7416430352
03/2013,252657.82531872022
04/2013,255291.10076650337
05/2013,256683.5079558442
06/2013,248942.30855304713
07/2013,258198.79338420444
08/2013,253466.79692485605
09/2013,260822.44284738964
10/2013,268329.77131514327
11/2013,273700.3460319042
12/2013,275843.8285916279
01/2014,271031.53798477276
02/2014,278480.3452700549
03/2014,279389.0342894554
04/2014,280988.3861269896
05/2014,291633.55147304025
06/2014,295742.1402166764
07/2014,297091.1886236088
08/2014,308035.17527942755
09/2014,314083.36552184226
10/2014,317604.37422092765
11/2014,325033.4779562825
12/2014,328800.5183222011
01/2015,346716.8438486681
02/2015,369153.0207180962
03/2015,379619.7907775332
04/2015,372725.5584632401
05/2015,382362.5198162127
06/2015,366161.82196234463
07/2015,380279.5234162213
08/2015,347261.96288989275
09/2015,334811.6198701292
10/2015,367444.0919357212
11/2015,380753.30283115694
12/2015,363478.2643024697
01/2016,340700.7117400313
02/2016,339158.9457026014
03/2016,346363.5859666255
04/2016,351288.9203668014
05/2016,361148.0786679283
06/2016,358773.91764872725
07/2016,373561.41437015
08/2016,373233.75538251986
09/2016,374241.4226295293
10/2016,374207.2808755491
11/2016,390688.3682260752
12/2016,403604.2451270577
01/2017,405120.6495537614
02/2017,422568.00582652586
03/2017,423314.1958819425
04/2017,420188.6942112267
05/2017,417950.0785248939
06/2017,412536.08641621267
07/2017,411062.71279595234
08/2017,408230.04971971695
09/2017,418064.20015282417
10/2017,432113.98415183637
11/2017,433615.27511633735
12/2017,434202.47774127935
01/2018,440101.21789652493
02/2018,430262.1464833316
03/2018,417228.8644593669
04/2018,430478.4048628937
05/2018,447246.16462487663
06/2018,448604.95825159457
07/2018,459541.8254727307
08/2018,468621.7621348342
09/2018,474284.1804844921
10/2018,449476.234426274
11/2018,452941.40685934416
12/2018,415174.5579251843
01/2019,445997.4201774573
02/2019,462305.95949396584
03/2019,475923.84341712773
04/2019,493546.5736909488
05/2019,467862.81652617
06/2019,488657.371235999
07/2019,501162.76623742946
08/2019,496027.2187867926
09/2019,513422.00612305617
10/2019,513978.8229862184
11/2019,536567.3940731817
12/2019,540245.1776247154
01/2020,545799.2645173206
02/2020,503079.38217880274
03/2020,437337.1673498102
04/2020,488682.0413655317
05/2020,500328.6294323942
06/2020,510719.38560890063
07/2020,505793.5817970518
08/2020,535430.1946260752
09/2020,527202.1107953147
10/2020,511467.02193003485
11/2020,563285.0712466316
12/2020,573242.1670965339
01/2021,573858.2691392896
02/2021,589291.3543261648
03/2021,629463.2180545025
04/2021,639293.4715252457
05/2021,642177.7502744969
06/2021,669134.3749599875
07/2021,680719.5483439141
08/2021,701021.9054239774
09/2021,686712.4158920499
10/2021,721495.6823644938
11/2021,723198.844838573
12/2021,756571.9801449957
01/2022,727460.0848749746
02/2022,706339.1613572573
03/2022,732130.2464883362
04/2022,707040.6844588213
05/2022,696149.8277558048
06/2022,655804.2932234462
07/2022,720991.7586758116
08/2022,704527.4437804918
09/2022,655554.67888033
10/2022,690867.0682405856
11/2022,706003.091686026
12/2022,657640.5600279868
01/2023,693317.2073211353
02/2023,690287.1415167828
03/2023,694865.1891246432
04/2023,700220.6730653651
05/2023,712567.5961556863
06/2023,742935.5988951873
07/2023,756955.8338300637
08/2023,749413.2711877197
09/2023,735631.2369086113
10/2023,712604.6794219365
11/2023,757166.3427930668
12/2023,785784.4342333139
01/2024,810844.0442109377
02/2024,846080.7267240376
03/2024,874481.0394525728
04/2024,849304.683139625
05/2024,876272.44180826
06/2024,906380.4276370539
07/2024,911875.6486115365
08/2024,914111.8851203563
09/2024,921790.4328540994
10/2024,929575.6308922449
11/2024,1001686.6318807572
12/2024,991827.6761106262
01/2025,1026432.7231471181
02/2025,1017283.4172351287
03/2025,935684.079623795
04/2025,897683.5625529449
05/2025,953670.146301243
06/2025,962483.6096886932
07/2025,998210.319493473
08/2025,1005623.1870120442
09/2025,1030612.3078665482
10/2025,1068264.9828687853
11/2025,1070171.0980511801
12/2025,1061927.8303842626
01/2026,1070298.665942499